id,name,model_id:id,group_id:id,perm_read,perm_write,perm_create,perm_unlink
access_estate_property_1,estate.property,model_estate_property,my_module.group_real_estate_manager,1,1,1,1
access_estate_property_2,estate.property.type,model_estate_property_type,my_module.group_real_estate_user,1,0,0,0
access_estate_property_3,estate.property.tag,model_estate_property_tag,my_module.group_real_estate_manager,1,1,1,1
access_estate_property_4,estate.property.offer,model_estate_property_offer,my_module.group_real_estate_manager,1,1,1,1
access_estate_property_5,estate.property.type,model_estate_property_type,my_module.group_real_estate_manager,1,1,1,0
